id_medico,nome_medico,especialidade,perfil_variabilidade;;;;
"M001;Dr. Alan V.;Cardiologia;Baixa";;;;
"M002;Dra. Bruna L.;Clínica Geral;Média";;;;
"M003;Dr. Carlos T.;Pediatria;Baixa";;;;
"M004;Dra. Daniela P.;Ginecologia;Média";;;;
"M005;Dr. Elias F.;Ortopedia;Alta";;;;
"M006;Dra. Fernanda G.;Dermatologia;Baixa";;;;
"M007;Dr. Gabriel H.;Oftalmologia;Média";;;;
"M008;Dra. Helena P.;Neurologia;Alta";;;;
"M009;Dr. Igor Q.;Psiquiatria;Média";;;;
"M010;Dra. Júlia R.;Otorrinolaringologia;Baixa";;;;
"M011;Dr. Kevin S.;Cirurgia Geral;Média";;;;
"M012;Dra. Laura T.;Gastroenterologia;Alta";;;;
"M013;Dr. Marcos U.;Urologia;Baixa";;;;
"M014;Dra. Nina V.;Alergologia;Média";;;;
"M015;Dr. Otávio X.;Pneumologia;Alta";;;;
"M016;Dra. Patrícia Y.;Reumatologia;Média";;;;
"M017;Dr. Rafael Z.;Geriatria;Baixa";;;;
"M018;Dra. Sofia A.;Fisiatria;Média";;;;
"M019;Dr. Thiago B.;Infectologia;Altíssima";;;;
"M020;Dra. Vivian C.;Medicina do Trabalho;Altíssima";;;;
